{
    "Access": {
        "Logon"                : "https://arealeditering-api.demo.miljoeportal.dk/swagger/index.html",
        "Address"              : "https://arealeditering-api.demo.miljoeportal.dk",
        "Headers"              : {"accept": "application/vnd.api+json", "Authorization": "Bearer {}"},

        "progName"             : "D:/GitHub/DMPLogin_udv/bin/Debug/netcoreapp3.1/DMPLogin.exe",
		"clientId"             : "qgisplugin-integration-daiedittest",
        "host"                 : "http://localhost",
        "port"                 : 5001,
        "redirectUri"          : "http://localhost:5001/login",
        "postLogoutRedirectUri": "http://localhost:5001/login",
        "authority"            : "https://log-in.test.miljoeportal.dk/runtime/oauth2",
        "scope"                : "openid http://www.miljoeportal.dk/roles",
        "api"                  : "https://arealeditering-api.udv.miljoeportal.dk/",
	    "pipeName"             : null,
        "ShowConsole"          : true
    },
    "Commands": {
        "temakoder"      : "/temakoder",
        "attributter"    : "/attributter",
        "temaattributter": "/temaattributter",
        "objekter"       : "/objekter",
        "objektfilter 1" : "?intersects={}&filter=equals(temakode.id,'{}')&include=temakode", 
        "temaattributfilter 1" : "?include=temakode",
        "temaattributfilter 1 duer ikke" : "?filter=equals(temakode.id,'{}')&include=temakode"
    },
    "Values": {
        "Use extent": false,
        "Use CVR": true,
        "Preferred layer": "",
        "CVR number": 9876543,
        "Token value": "",
        "Token time": "",
        "Max extent": "POLYGON ((400000 6405000, 900000 6405000, 900000 6045000, 400000 6045000, 400000 6405000))",
        "EPSG code": 25832,
        "Log_reference": {},
        "example_Log_reference": {"uri":"blah.shp","name":"blah","type":"ogr"},
        "Pnt_reference": {"uri":"point?crs=epsg:{}&field=id:integer&field=name:string(20)&index=yes","name":"elements_pnt_ref","type":"memory"},
        "Lin_reference": {"uri":"linestring?crs=epsg:{}&field=id:integer&field=name:string(20)&index=yes","name":"elements_pnt_ref","type":"memory"},
        "Pol_reference": {"uri":"polygon?crs=epsg:{}&field=id:integer&field=name:string(20)&index=yes","name":"elements_pnt_ref","type":"memory"}
    },
    "Names": {
        "Global root" : "Miljøportalen", 
        "Administration root" : "Administration", 
        "Edited root" : "Rettede data", 
        "Log layername": "DMP logtable",
        "Inserted" : "Oprettede elementer", 
        "Deleted" : "Slettede elementer", 
        "Modified" : "Rettede elementer"
    },
    "Selections": {
        "Inserted" : "select cur.* from cur left join ref on cur.\"objekt-id\" = ref.\"objekt-id\" where ref.\"objekt-id\" is NULL", 
        "Deleted" : "select ref.* from ref left join cur on ref.\"objekt-id\" = cur.\"objekt-id\" where cur.\"objekt-id\" is NULL", 
        "Modified" : "select cur.* from cur join ref on cur.\"objekt-id\" = ref.\"objekt-id\" where {}"
    },
    "Data": {
        "Use database": true,
        "Database": "",
        "Schema": "",
        "Filetypes": {"ESRI Shapefile"   : "","MapInfo TAB":"","SpatiaLite": "SpatiaLite (*.sqlite *.SQLITE)", "GeoPackage": "GeoPackage (*.gpkg *.GPKG)"},
        "Use filetype": "GeoPackage",
        "Directory": "",
		"PKName": "objekt-id",
		"PKQuote": "'"
    }
    
}